url,title
https://gihyo.jp/dp/ebook/2020/978-4-297-11674-3,確定申告　令和3年3月15日締切分 あっという間にかんたん確定申告 令和3年3月15日締切分
https://gihyo.jp/dp/ebook/2020/978-4-297-11672-9,確定申告　令和3年3月15日締切分 年金生活者・定年退職者のための確定申告 令和3年3月15日締切分
https://gihyo.jp/dp/ebook/2020/978-4-297-11626-2,Illustrator & Photoshop 和風デザインのつくり方
https://gihyo.jp/dp/ebook/2020/978-4-297-11624-8,60分でわかる！IT知識 60分でわかる！ IoT ビジネス最前線［改訂2版］
https://gihyo.jp/dp/ebook/2020/978-4-297-11652-1,60分でわかる！IT知識 60分でわかる！ AI ビジネス最前線［改訂2版］
https://gihyo.jp/dp/ebook/2020/978-4-297-11676-7,今すぐ使えるかんたん 今すぐ使えるかんたんRPAロボパットDX
https://gihyo.jp/dp/ebook/2020/978-4-297-11648-4,世界一わかりやすい教科書 世界一わかりやすい WordPress 導入とサイト制作の教科書［改訂2版］
https://gihyo.jp/dp/ebook/2020/978-4-297-11662-0,世界一わかりやすい 教える技術
https://gihyo.jp/dp/ebook/2020/978-4-297-11660-6,基本がわかるSQL入門――データベース＆設計の基礎から楽しく学ぶ
https://gihyo.jp/dp/ebook/2020/978-4-297-11620-0,レンズ1本で撮るフォトレシピ――写真がもっとかんたんで楽しくなる野寺流撮影講座
https://gihyo.jp/dp/ebook/2020/978-4-297-11634-7,世界一わかりやすい教科書 世界一わかりやすい Premiere Pro 動画編集の教科書
https://gihyo.jp/dp/ebook/2020/978-4-297-11762-7,ずかん ウイルス
https://gihyo.jp/dp/ebook/2020/978-4-297-11681-1,今すぐ使える！ Google for Education～授業・校務で使える活用のコツと実践ガイド
https://gihyo.jp/dp/ebook/2020/978-4-297-11638-5,なんでもPythonプログラミング 平林万能IT技術研究所の奇妙な実験
https://gihyo.jp/dp/ebook/2020/978-4-297-11644-6,テックネイティブ・カンパニー～デジタル時代を生き抜く7つの戦略
https://gihyo.jp/dp/ebook/2020/978-4-297-11597-5,しくみ図解 最新 二次電池が一番わかる
https://gihyo.jp/dp/ebook/2020/978-4-297-11610-1,最短突破 最短突破ディープラーニングG検定（ジェネラリスト）問題集
https://gihyo.jp/dp/ebook/2020/978-4-297-11606-4,フリーランス＆個人事業主のための 確定申告 改訂第15版
https://gihyo.jp/dp/ebook/2020/978-4-297-11608-8,フリーランス＆個人事業主 確定申告でお金を残す！ 元国税調査官のウラ技 第7版
https://gihyo.jp/dp/ebook/2020/978-4-297-11537-1,ゼロからはじめる ゼロからはじめるChatwork 基本＆便利技
https://gihyo.jp/dp/ebook/2020/978-4-297-11642-2,知りたい！サイエンス 化学の目で見る気体 身近な物質のヒミツ
https://gihyo.jp/dp/ebook/2020/978-4-297-11650-7,ゼロからはじめる ゼロからはじめるドコモ arrows 5G F-51A スマートガイド
https://gihyo.jp/dp/ebook/2020/978-4-297-11551-7,Software Design plus 最速詳解 Unity 2020 スタートブック
https://gihyo.jp/dp/ebook/2020/978-4-297-11549-4,今すぐ使えるかんたんmini 今すぐ使えるかんたんminiNikon D780 基本＆応用 撮影ガイド
https://gihyo.jp/dp/ebook/2020/978-4-297-11285-1,Software Design 2020年10月号
https://gihyo.jp/dp/ebook/2020/978-4-297-11545-6,ゼロからはじめる ゼロからはじめるMicrosoft Teams 基本＆便利技
https://gihyo.jp/dp/ebook/2020/978-4-297-11562-3,未来エコ実践テクノロジー 図解でわかるカーボンリサイクル～CO2を利用する循環エネルギーシステム～
https://gihyo.jp/dp/ebook/2020/978-4-297-11503-6,スクラッチプログラミング事例大全集
https://gihyo.jp/dp/ebook/2020/978-4-297-11412-1,WEB+DB PRESS plus CircleCI実践入門──CI/CDがもたらす開発速度と品質の両立
https://gihyo.jp/dp/ebook/2020/978-4-297-11535-7,スピードマスター 1 時間でわかる iDeCo～50代から始める安心投資
